{"status":"success","train/samples_seen":100,"tokens_per_second":3205.9650788700264,"train/tokens_seen":23283,"train/step":100,"adapter_save_seconds":0.9426807779818773,"train_seconds":7.262399753963109,"loss_first":0.9797672629356384,"grad_norm_first":1.5436723232269287,"trainable_params":9175040,"summary/adapter_file_size_mb":51.4334077835083,"samples_per_second":13.76955323141359,"train/grad_norm":1.2682160139083862,"peak_allocated_mb":8719.3984375,"grad_norm_avg":1.8321009039878846,"model_load_seconds":174.5955081320135,"summary/loss_last":0.43007034063339233,"summary/peak_reserved_mb":9726,"train/learning_rate":0.0001,"summary/avg_step_seconds_after_warmup":0.06931305724215142,"learning_rate_last":0.0001,"train/gpu_reserved_mb":9726,"train/step_seconds":0.11966396396746859,"summary/train_seconds":7.262399753963109,"loss_last":0.43007034063339233,"_step":100,"end_to_end_seconds":185.2183935540379,"summary/grad_norm_last":1.2682160139083862,"train/gpu_allocated_mb":6443.8994140625,"_timestamp":1.781751817326712e+09,"avg_step_seconds_after_warmup":0.06931305724215142,"train/loss":0.43007034063339233,"peak_reserved_mb":9726,"adapter_file_size_mb":51.4334077835083,"trainable_percent":0.28476890018500445,"_runtime":183,"adapter_setup_seconds":0.20226186496438459,"grad_norm_last":1.2682160139083862,"train/tokens_per_second_step":3206.4900312582035,"adapter_save_path":"/home/rllab/haechan/peft/haechan/results/math_time_compare/20260618-120027/adapters/lora","summary/tokens_per_second":3205.9650788700264,"_wandb":{"runtime":183}}