{"loss_last":0.4287457764148712,"learning_rate_last":0.0001,"train/gpu_reserved_mb":9992,"_step":100,"train/learning_rate":0.0001,"_runtime":10,"trainable_percent":0.2537013210590218,"grad_norm_first":3.4012551307678223,"train_seconds":8.326812653976958,"_timestamp":1.7817518458191192e+09,"status":"success","adapter_setup_seconds":0.032328939996659756,"samples_per_second":12.009397131354833,"train/tokens_per_second_step":2796.4074476902288,"train/samples_seen":100,"summary/grad_norm_last":1.2677470445632935,"summary/adapter_file_size_mb":47.59767246246338,"summary/peak_reserved_mb":9992,"train/step_seconds":0.1346630019834265,"summary/avg_step_seconds_after_warmup":0.08239012059152165,"summary/tokens_per_second":2796.1479340933456,"train/step":100,"train/loss":0.4287457764148712,"adapter_save_seconds":0.6618106779642403,"avg_step_seconds_after_warmup":0.08239012059152165,"train/grad_norm":1.2677470445632935,"trainable_params":8171520,"grad_norm_last":1.2677470445632935,"tokens_per_second":2796.1479340933456,"summary/loss_last":0.4287457764148712,"train/gpu_allocated_mb":6432.5244140625,"loss_first":0.9797672629356384,"adapter_file_size_mb":47.59767246246338,"peak_reserved_mb":9992,"model_load_seconds":1.6720343769993633,"_wandb":{"runtime":10},"grad_norm_avg":2.039499047398567,"adapter_save_path":"/home/rllab/haechan/peft/haechan/results/math_time_compare/20260618-120027/adapters/oft","end_to_end_seconds":11.762843836972024,"summary/train_seconds":8.326812653976958,"peak_allocated_mb":9025.25048828125,"train/tokens_seen":23283}