{"loss_first":0.9797672629356384,"summary/grad_norm_last":0.27182823419570923,"summary/tokens_per_second":355.35163427751866,"train/step":100,"train_seconds":65.52101567602949,"model_load_seconds":1.5345500899711624,"tokens_per_second":355.35163427751866,"_wandb":{"runtime":68},"train/samples_seen":100,"_timestamp":1.7817519171683156e+09,"summary/train_seconds":65.52101567602949,"adapter_save_path":"/home/rllab/haechan/peft/haechan/results/math_time_compare/20260618-120027/adapters/boft","trainable_percent":0.024982195406016438,"status":"success","avg_step_seconds_after_warmup":0.6518954616396365,"peak_reserved_mb":12788,"grad_norm_last":0.27182823419570923,"summary/peak_reserved_mb":12788,"loss_last":0.47029992938041687,"train/gpu_allocated_mb":6316.1494140625,"peak_allocated_mb":11729.2236328125,"grad_norm_avg":0.4623235075175762,"end_to_end_seconds":69.64810305798892,"adapter_save_seconds":0.5967393610044383,"train/grad_norm":0.27182823419570923,"adapter_file_size_mb":19.494526863098145,"train/tokens_seen":23283,"summary/avg_step_seconds_after_warmup":0.6518954616396365,"train/loss":0.47029992938041687,"grad_norm_first":0.641226589679718,"trainable_params":802816,"_runtime":68,"train/gpu_reserved_mb":12788,"train/learning_rate":0.0001,"train/step_seconds":0.750841507979203,"adapter_setup_seconds":0.7401976190158166,"samples_per_second":1.5262278670167877,"learning_rate_last":0.0001,"summary/adapter_file_size_mb":19.494526863098145,"_step":100,"train/tokens_per_second_step":355.35652488286627,"summary/loss_last":0.47029992938041687}