{"grad_norm_last":0.6576061248779297,"summary/peak_reserved_mb":13402,"train/loss":0.2901260768994689,"summary/optimizer_steps":1250,"tokens_per_second":3060.880575721276,"adapter_file_size_mb":51.4334077835083,"status":"success","train/grad_norm":0.6576061248779297,"peak_reserved_mb":13402,"train/samples_seen":80000,"train_seconds":5866.14065979,"end_to_end_seconds":5872.320728648,"trainable_percent":0.28476890018500445,"summary/tokens_per_second":3060.880575721276,"train/micro_steps":40000,"_runtime":5868,"samples_per_second":13.637586385946614,"train/tokens_per_second_step":3060.881516452251,"summary/adapter_file_size_mb":51.4334077835083,"summary/grad_norm_last":0.6576061248779297,"micro_steps":40000,"loss_last":0.2901260768994689,"loss_first":0.7289085052907467,"train/step":1250,"train/gpu_allocated_mb":6359.33447265625,"train/gpu_reserved_mb":13402,"train/step_seconds":4.46456740999929,"summary/loss_last":0.2901260768994689,"train/learning_rate":0,"grad_norm_first":0.38169237971305847,"trainable_params":9175040,"summary/train_seconds":5866.14065979,"_timestamp":1.7817758796639602e+09,"train/epoch":2,"avg_step_seconds_after_warmup":4.691411397930278,"summary/avg_step_seconds_after_warmup":4.691411397930278,"peak_allocated_mb":11584.91455078125,"learning_rate_last":0,"grad_norm_avg":0.5657516792535782,"_step":1250,"adapter_save_path":"/home/rllab/haechan/peft/haechan/results/math_time_compare/20260618-170629/adapters/lora","warmup_steps":125,"adapter_setup_seconds":0.09589437600061501,"adapter_save_seconds":0.584070173001237,"model_load_seconds":1.8370085219994507,"summary/loraxs_initialization_seconds":0,"_wandb":{"runtime":5868},"train/tokens_seen":17955556,"optimizer_steps":1250}