{"tokens_per_second":2235.964166021818,"train_seconds":10.412957574997563,"train/gpu_allocated_mb":6445.6494140625,"summary/loss_last":0.4289086163043976,"train/tokens_per_second_step":2236.110181839785,"grad_norm_first":1.5921603441238403,"summary/grad_norm_last":1.2519792318344116,"summary/train_seconds":10.412957574997563,"adapter_setup_seconds":0.07532429898856208,"learning_rate_last":0.0001,"status":"success","train/samples_seen":100,"adapter_file_size_mb":51.87833786010742,"_runtime":12,"summary/tokens_per_second":2235.964166021818,"grad_norm_last":1.2519792318344116,"train/learning_rate":0.0001,"summary/peak_reserved_mb":10192,"_timestamp":1.7817519659307466e+09,"trainable_params":9289728,"_step":100,"model_load_seconds":1.524865946965292,"trainable_percent":0.28831824842850345,"train/tokens_seen":23283,"train/gpu_reserved_mb":10192,"train/grad_norm":1.2519792318344116,"loss_first":0.9803116917610168,"train/loss":0.4289086163043976,"summary/adapter_file_size_mb":51.87833786010742,"avg_step_seconds_after_warmup":0.10340865691517936,"adapter_save_path":"/home/rllab/haechan/peft/haechan/results/math_time_compare/20260618-120027/adapters/dora","grad_norm_avg":1.8651364094018936,"samples_per_second":9.603419516479054,"train/step_seconds":0.1583211169927381,"end_to_end_seconds":13.918529989023227,"train/step":100,"loss_last":0.4289086163043976,"adapter_save_seconds":0.7992344410158694,"_wandb":{"runtime":12},"peak_allocated_mb":9052.9580078125,"peak_reserved_mb":10192,"summary/avg_step_seconds_after_warmup":0.10340865691517936}