{"_wandb":{"runtime":11},"train/loss":0.4274193048477173,"adapter_setup_seconds":0.014759484038222581,"peak_allocated_mb":9352.52197265625,"loss_first":1.01935613155365,"adapter_save_path":"/home/rllab/haechan/peft/haechan/results/math_time_compare/20260618-120027/adapters/cara","train_seconds":9.055713907990139,"avg_step_seconds_after_warmup":0.08950178807052518,"train/step_seconds":0.1621514469734393,"summary/peak_reserved_mb":10526,"summary/grad_norm_last":0.879118800163269,"train/samples_seen":100,"_timestamp":1.781751831898476e+09,"peak_reserved_mb":10526,"status":"success","summary/adapter_file_size_mb":58.4320182800293,"trainable_percent":0.3415281670209958,"grad_norm_avg":1.3645222744345664,"_runtime":11,"train/gpu_reserved_mb":10526,"learning_rate_last":0.0001,"summary/tokens_per_second":2571.083874398537,"train/step":100,"adapter_file_size_mb":58.4320182800293,"train/tokens_per_second_step":2571.2979312101124,"grad_norm_first":2.2390365600585938,"tokens_per_second":2571.083874398537,"train/tokens_seen":23283,"grad_norm_last":0.879118800163269,"trainable_params":11010048,"summary/avg_step_seconds_after_warmup":0.08950178807052518,"train/learning_rate":0.0001,"summary/loss_last":0.4274193048477173,"summary/train_seconds":9.055713907990139,"loss_last":0.4274193048477173,"end_to_end_seconds":12.318061498983297,"adapter_save_seconds":0.6211822759942152,"train/grad_norm":0.879118800163269,"_step":100,"train/gpu_allocated_mb":6471.8994140625,"model_load_seconds":1.511460942972917,"samples_per_second":11.042751683196052}