{"train/tokens_per_second_step":3269.142461863043,"train/gpu_reserved_mb":9720,"summary/avg_step_seconds_after_warmup":0.07050651545239593,"loss_first":0.9774594306945801,"tokens_per_second":3268.7731344615468,"train/gpu_allocated_mb":6443.8994140625,"peak_allocated_mb":8717.3486328125,"train_seconds":7.122855897992849,"grad_norm_last":3.0076730251312256,"grad_norm_first":7.148891925811768,"train/loss":0.45265159010887146,"train/grad_norm":3.0076730251312256,"adapter_file_size_mb":51.43341827392578,"summary/loss_last":0.45265159010887146,"train/tokens_seen":23283,"learning_rate_last":0.0001,"_timestamp":1.781751950312578e+09,"end_to_end_seconds":10.63185072899796,"_step":100,"peak_reserved_mb":9720,"train/step_seconds":0.12218726001447067,"samples_per_second":14.039312521846611,"train/step":100,"adapter_setup_seconds":0.238941973017063,"loss_last":0.45265159010887146,"summary/grad_norm_last":3.0076730251312256,"adapter_save_seconds":0.5825942999799736,"train/samples_seen":100,"summary/tokens_per_second":3268.7731344615468,"trainable_params":9175040,"adapter_save_path":"/home/rllab/haechan/peft/haechan/results/math_time_compare/20260618-120027/adapters/pissa","train/learning_rate":0.0001,"summary/train_seconds":7.122855897992849,"trainable_percent":0.28476890018500445,"grad_norm_avg":5.1024188911914825,"status":"success","model_load_seconds":1.520145467016846,"_wandb":{"runtime":9},"summary/peak_reserved_mb":9720,"avg_step_seconds_after_warmup":0.07050651545239593,"summary/adapter_file_size_mb":51.43341827392578,"_runtime":9}