{"_runtime":25,"train/epoch":1,"train/learning_rate":3.2000000000000003e-06,"train/tokens_per_second_step":3073.9369605935317,"_step":3,"train/step_seconds":4.987769142957404,"train/loss":0.7113959174603224,"train/samples_seen":256,"train/micro_steps":128,"train/gpu_reserved_mb":13326,"train/tokens_seen":58299,"_timestamp":1.7817548601953244e+09,"train/gpu_allocated_mb":6380.0908203125,"train/grad_norm":0.38216084241867065,"_wandb":{"runtime":25},"train/step":4}