{"_step":100,"train/learning_rate":0.0001,"grad_norm_last":1.6844499111175537,"train/gpu_reserved_mb":9682,"trainable_percent":0.05775239036920756,"train/loss":0.42300352454185486,"loss_first":0.9797672629356384,"_runtime":17,"_timestamp":1.7817519379309459e+09,"summary/adapter_file_size_mb":23.521869659423828,"train/tokens_per_second_step":1895.1113978164342,"peak_reserved_mb":9682,"model_load_seconds":1.5155768279801123,"peak_allocated_mb":8698.8935546875,"train/gpu_allocated_mb":6640.8681640625,"train/step_seconds":0.17488989199046046,"avg_step_seconds_after_warmup":0.12200211532585019,"train/tokens_seen":23283,"samples_per_second":8.138886305316829,"train_seconds":12.286693320027553,"adapter_save_seconds":0.819855745008681,"_wandb":{"runtime":17},"summary/train_seconds":12.286693320027553,"adapter_setup_seconds":2.793993114028126,"summary/loss_last":0.42300352454185486,"grad_norm_avg":2.7255709517002105,"trainable_params":1856512,"learning_rate_last":0.0001,"adapter_file_size_mb":23.521869659423828,"train/step":100,"summary/avg_step_seconds_after_warmup":0.12200211532585019,"loss_last":0.42300352454185486,"summary/peak_reserved_mb":9682,"train/samples_seen":100,"summary/tokens_per_second":1894.9768984669172,"end_to_end_seconds":18.68584163399646,"adapter_save_path":"/home/rllab/haechan/peft/haechan/results/math_time_compare/20260618-120027/adapters/psoft","grad_norm_first":4.26749849319458,"train/grad_norm":1.6844499111175537,"summary/grad_norm_last":1.6844499111175537,"tokens_per_second":1894.9768984669172,"status":"success"}