{"train/step":9,"train/epoch":1,"train/tokens_seen":130563,"train/grad_norm":0.4015069901943207,"train/loss":0.7187879867851734,"_step":8,"_wandb":{"runtime":54},"train/gpu_allocated_mb":6869.66455078125,"train/step_seconds":5.542094382981304,"train/gpu_reserved_mb":22940,"_runtime":54,"train/micro_steps":144,"_timestamp":1.781755073069435e+09,"train/tokens_per_second_step":2758.214613718563,"train/samples_seen":576,"train/learning_rate":7.2e-06}